INSERT INTO EmployeeInformation VALUES
('EM001', 'Luther Jenkins', 'luther123@hallo.com', '086913376969', 'Palem Street No 5, Jakarta Barat', '1999-02-04', 'Male' , 1463000),
('EM002', 'Kelsea Bond', 'kellseaa@hallo.com', '082581529355', 'Pyeong No 42, Palembang', '1995-12-21', 'Female' , 4200000),
('EM003', 'Vlad Middleton', 'vitonnday@hallo.com', '084596043539', 'Garam Surya No 56, Samarinda', '2000-06-01', 'Male' , 2555000),
('EM004', 'Billie Crane', 'biliiestar@hallo.com', '082930620755', 'Petinggi No 53, Jakarta Timur', '2001-01-27', 'Female' , 5200000),
('EM005', 'Celine Farrow', 'celinefarrow@hallo.com', '081353529583', 'Abadi Cahaya No 12, Pekanbaru', '1994-07-15', 'Female' , 250000),
('EM006', 'Sidney Webber', 'sidneywee@hallo.com', '082390582595', 'Kemurnian Kasih No 02, Surabaya', '2002-02-04', 'Male' , 1200000),
('EM007', 'Eric Gentry', 'ericeric123@hallo.com', '089692352355', 'Kemanggisan No 67, Yogyakarta', '1992-08-13', 'Male' , 5400000),
('EM008', 'Fearne Berger', 'bergerfearne@hallo.com', '089032482394', 'Alam Suteri No 35, Jakarta Selatan', '1990-11-23', 'Female' , 5650000),
('EM009', 'Jason Squires', 'jasonsquirr@hallo.com', '082395823234', 'Serpong No 64, Jakarta Timur', '1989-10-19', 'Male' , 6300000),
('EM010', 'Nancie Houston', 'houstonrockett@hallo.com', '089826993439', 'Velvet Bunga No 46, Serang', '1996-12-17', 'Female' , 5630000),
('EM011', 'Marshall Mcbride', 'marshallmatt@hallo.com', '089046839349', 'Pendekar No 12, Denpasar', '1985-02-06', 'Male' , 790000),
('EM012', 'Todd Parkinson', 'parkintodd@hallo.com', '083958943652', 'Gajah Trima No 63, Manado', '1998-05-02', 'Male' , 5330000),
('EM013', 'Kelsey Woods', 'kelseywood@hallo.com', '084923684900', 'Kulit Danau No 17, Palu', '1986-08-20', 'Female' , 530000),
('EM014', 'Hashir Long', 'longlonghashir@hallo.com', '082390582699', 'Gading Timur No 64, Jakarta Selatan', '1999-04-19', 'Male' , 1650000),
('EM015', 'Nathanial Woodward', 'woodnathanial@hallo.com', '082935293059', 'Gading Barat No 23, Jakarta Selatan', '1990-11-05', 'Male' , 6800000),
('EM016', 'Dulcie Greenwood', 'duchelwood@hallo.com', '082395823959', 'Kamal Raya No 122, Mamuju', '2001-01-26', 'Female' , 1650000),
('EM017', 'Madeleine Mansell', 'mansellmadeline@hallo.com', '089238659629', 'Kebon Jerok No 08, Jakarta Selatan', '1995-09-07', 'Female' , 780000),
('EM018', 'Flynn East', 'flynnneast@hallo.com', '086423523444', 'Kebon Tomat No 68, Pekanbaru', '1985-04-16', 'Male' , 680000),
('EM019', 'Rahim Galindo', 'rahimgalin@hallo.com', '081523165535', 'Kapuk Besar No 21, Jambi', '2000-02-22', 'Male' , 695000),
('EM020', 'Ilayda Valencia', 'valencia452illay@hallo.com', '084635434332', 'Kayu Jati No 22, Bengkulu', '1999-10-10', 'Female', 5290000)
--Average salary 3.342.150

INSERT INTO MedicineCategory VALUES
('CT001','Phenacetin'),
('CT002','Amidopyrine'),
('CT003','Methaqualone')

INSERT INTO MedicineInformation VALUES
('MD001', 'Duppixant', 5500, 'Cure Cold and Nuts Allergies', 250,'CT001'),
('MD002', 'Xanaxo', 100000, 'Cure Anxiety and Depression', 999,'CT002'),
('MD003', 'Golden Apple', 15000, 'Cure Heart Problems Condition', 532,'CT003'),
('MD004', 'Melatanin', 55000, 'Cure Sleeping Problems', 346,'CT001'),
('MD005', 'Emporam', 20700, 'Cure Stomach Acids', 845,'CT002'),
('MD006', 'Benzonate Trazone', 16700, 'Cure Sore Throat', 236,'CT003'),
('MD007', 'Invonami', 97000, 'Cure Muscle Soreness', 475,'CT003'),
('MD008', 'Rubyomab', 5000, 'Cure Acne Problems', 235,'CT002'),
('MD009', 'Wendigom Amrica', 76000, 'Cure Toothache and Pain Reliever', 1200,'CT001'),
('MD010', 'Prenagent', 8800, 'Cure Skin Allergies', 120,'CT001'),
('MD011', 'Lyrixa', 80000, 'Cure Dry Cough', 900,'CT002'),
('MD012', 'Zaemais Mays', 35000, 'Cure Wet Cough', 532,'CT001'),
('MD013', 'Mediahara Espim', 7400, 'Cure Ear Infections', 235,'CT003'),
('MD014', 'Brilinta', 30000, 'Cure Red Eyes', 445,'CT002'),
('MD015', 'Komix', 60000, 'Cure Nose Infections', 856,'CT001'),
('MD016', 'Hansaplast Sumam', 64300, 'Cure Type 2 Diabetes', 285,'CT003'),
('MD017', 'Hansaplast Dumam', 79500, 'Cure Type 1 Diabetes', 296,'CT002'),
('MD018', 'Es teh manis', 5000, 'Cure common cold, flu, and fever', 10,'CT001'),
('MD019', 'es pop ice', 100000, 'Cure stress', 10,'CT001')

INSERT INTO CustomerInformation VALUES
('CU001', 'Albert Sanjaya', '086355728238', 'Kari Pondok, Tangerang', 'Male','albertsjay@hallo.com','putrikari123','1999-10-27'),
('CU002', 'Budi Setiawan', '082093582934', 'Gading Gunduk, Tangerang', 'Male','hellobudi22@hallo.com','setiawangunduktangerang','2001-02-21'),
('CU003', 'Grace Muliadi', '082934523948', 'Pohon Cemara, Jakarta Barat', 'Female','gracemulyy@hallo.com','GraceHArmony06','2002-06-16'),
('CU004', 'Felicia Supradi', '089843250929', 'Kelapa Sari, Palembang', 'Female','feliciacat20@hallo.com','FeliciaSupra1992','1992-01-06'),
('CU005', 'Agung Sentosa', '082349293432', 'Tunjungan, Padang', 'Male','agungsentosa@hallo.com','sentosaSeaffod','1985-03-05'),
('CU006', 'Natasya Putri', '082349234929', 'Tanjung Mawar, Bengkulu', 'Female','natasyaputri00@hallo.com','PUTRInAST','2000-10-16'),
('CU007', 'Matthew Trimo', '082348092347', 'Kamerunasado, Jakarta Selatan', 'Male','matrimoo@hallo.com','Racecar.Racecar','1999-11-01'),
('CU008', 'Udin Santami', '086934053452', 'Miso Jaya, Jakarta Timur', 'Male','udinsanta21@hallo.com','uDinSanitmati','1998-09-08'),
('CU009', 'Adeline Danami', '085923403446', 'Profensi Ratu, Denpasar', 'Female','adellmii@hallo.com','konamidanamI2332','1992-08-26'),
('CU010', 'Edbert Santoso', '082395834935', 'Putera Saham, Yogyakarta', 'Male','ebtsantoso@hallo.com','santosoebert','1988-03-20'),
('CU011', 'Olivia Lucas', '086234324244', 'Kenkomanalisa, Jakarta Utara', 'Female','oliveoilcas@hallo.com','oliveoiL99','2001-07-09'),
('CU012', 'Jason Panima', '082359023935', 'Dari Merauke, Maluku', 'Male','jasonpanima@hallo.com','PanimaExdel//','1997-12-10'),
('CU013', 'Cindy Deana', '085923494933', 'Sedap Satuu, Pekanbaru', 'Female','cindydea244@hallo.com','KucingPohon22','1996-02-16'),
('CU014', 'Patricia Elami', '086575675678', 'NusaJaya, Serang', 'Male','patricialami@hallo.com','patriciaElami24','1995-05-18'),
('CU015', 'Meghiya Chandra', '085934943425', 'Enimalitas Soma, Manado', 'Female','meghiyachandra@hallo.com','ilovebread><','1992-11-19'),
('CU016', 'Jimmy Timo', '082893542897', 'Cempaka Putih, Tangerang', 'Male','jimjimtimo@hallo.com','qwerty123','2002-10-17')

INSERT INTO VendorInformation VALUES
('VN001', 'JaysPharmacy', '082395234902', 'SugotBrotot, Jakarta Barat','jayspharmacy@hallo.com',1984),
('VN002', 'Excellence', '082933952587', 'Takayo Sanam, Jakarta Selatan','excellence99@hallo.com',1994),
('VN003', 'The Good Shop', '082309423943', 'Kimchi Sreet, Tangerang','theGoodShop@hallo.com',1993),
('VN004', 'Rimao Sam', '082032358235', 'Jati Pohon, Palembang','samtester22@hallo.com',1990),
('VN005', 'Trigometri', '085835239589', 'Patungan, Maluku','trigonmetri33@hallo.com',1999),
('VN006', 'SinCos Tan', '082385923852', 'Tanahan, Jakarta Utara','sincocos@hallo.com',2000),
('VN007', 'Mixio', '083468349439', 'Kuburan Jati, Yogyakarta','mixiomouse@hallo.com',1970),
('VN008', 'Bead Doma', '082223598583', 'Parang Tritis, Denpasar','beadsp200@hallo.com',1969),
('VN009', 'Triangle', '083942352955', 'Tampak Barat, Jakarta Selatan','triangle180@hallo.com',1995),
('VN010', 'Atomik Jaya', '086934259253', 'Petimahan, Tangerang','Jayaatomik@hallo.com',1987),
('VN011', 'Robatom', '082394234943', 'Plesetana, Pekanbaru','robatom223@hallo.com',1989),
('VN012', 'One Cup', '082394239452', 'Rumput Bergoyang, Bengkulu','onecupcup23@hallo.com',1970),
('VN013', 'Three Spices', '082395923443', 'Bebatuan Puncak, Manado','spicesginger@hallo.com',1995),
('VN014', 'Abadi Cahaya', '083953945035', 'RitzCarl, Jakarta Barat','cahayaabadi@hallo.com',2001),
('VN015', 'Cangkulan', '084693542345', 'Pondok Jating, Tangerang','cangkultani@hallo.com',1990),
('VN016', 'Strawhat', '086934534542', 'Makotamiah, Jakarta Selatan','strawberryhat20@hallo.com',1999),
('VN017', 'Potato Top', '082394203523', 'Sarisamajeruk, Pekanbaru','potatotoptop@hallo.com',1996)

INSERT INTO PurchaseTransactionHeader VALUES
('PC001', 'EM016', 'VN004', '2009-03-11'),
('PC002', 'EM016', 'VN009', '2004-09-26'),
('PC003', 'EM009', 'VN012', '2017-02-07'),
('PC004', 'EM009', 'VN010', '2012-12-16'),
('PC005', 'EM019', 'VN009', '2002-09-06'),
('PC006', 'EM003', 'VN010', '2001-07-11'),
('PC007', 'EM012', 'VN008', '2007-05-14'),
('PC008', 'EM005', 'VN013', '2014-09-17'),
('PC009', 'EM001', 'VN014', '2008-10-19'),
('PC010', 'EM012', 'VN008', '2008-01-19'),
('PC011', 'EM011', 'VN011', '2017-07-12'),
('PC012', 'EM013', 'VN015', '2004-12-16'),
('PC013', 'EM004', 'VN003', '2015-02-24'),
('PC014', 'EM017', 'VN012', '2020-01-05'),
('PC015', 'EM008', 'VN017', '2005-01-05'),
('PC016', 'EM003', 'VN008', '2019-09-01'),
('PC017', 'EM015', 'VN005', '2003-08-21'),
('PC018', 'EM017', 'VN003', '2006-03-22'),
('PC019', 'EM020', 'VN017', '2010-06-13'),
('PC020', 'EM006', 'VN013', '2014-10-01'),
('PC021', 'EM002', 'VN001', '2016-09-30'),
('PC022', 'EM007', 'VN002', '2009-08-31'),
('PC023', 'EM010', 'VN006', '2003-07-20'),
('PC024', 'EM014', 'VN007', '2005-06-10'),
('PC025', 'EM018', 'VN016', '2019-11-29')

INSERT INTO PurchaseTransactionDetail VALUES
('PC001', 'MD007', 227),
('PC001', 'MD006', 308),
('PC001', 'MD011', 691),
('PC002', 'MD017', 22),
('PC002', 'MD005', 834),
('PC002', 'MD010', 983),
('PC003', 'MD003', 188),
('PC003', 'MD001', 60),
('PC003', 'MD017', 466),
('PC004', 'MD005', 322),
('PC004', 'MD002', 873),
('PC005', 'MD009', 36),
('PC005', 'MD011', 816),
('PC005', 'MD008', 92),
('PC005', 'MD002', 203),
('PC005', 'MD013', 278),
('PC005', 'MD014', 426),
('PC006', 'MD014', 697),
('PC006', 'MD016', 635),
('PC007', 'MD002', 789),
('PC007', 'MD003', 200),
('PC007', 'MD009', 384),
('PC007', 'MD013', 57),
('PC007', 'MD012', 538),
('PC007', 'MD011', 573),
('PC008', 'MD016', 468),
('PC008', 'MD008', 716),
('PC008', 'MD003', 993),
('PC009', 'MD014', 995),
('PC009', 'MD008', 810),
('PC009', 'MD017', 929),
('PC009', 'MD002', 69),
('PC010', 'MD012', 269),
('PC010', 'MD006', 475),
('PC010', 'MD008', 404),
('PC011', 'MD002', 293),
('PC011', 'MD015', 733),
('PC011', 'MD005', 652),
('PC011', 'MD011', 384),
('PC012', 'MD009', 423),
('PC012', 'MD012', 328),
('PC012', 'MD008', 916),
('PC013', 'MD002', 98),
('PC013', 'MD013', 537),
('PC013', 'MD014', 620),
('PC013', 'MD012', 362),
('PC014', 'MD008', 836),
('PC014', 'MD009', 88),
('PC014', 'MD002', 786),
('PC014', 'MD005', 81),
('PC015', 'MD017', 732),
('PC015', 'MD004', 984),
('PC015', 'MD002', 660),
('PC015', 'MD001', 890),
('PC015', 'MD015', 370),
('PC015', 'MD010', 992),
('PC016', 'MD013', 894),
('PC016', 'MD017', 567),
('PC017', 'MD002', 928),
('PC017', 'MD004', 935),
('PC017', 'MD005', 766),
('PC017', 'MD015', 185),
('PC017', 'MD003', 753),
('PC017', 'MD006', 773),
('PC018', 'MD015', 855),
('PC018', 'MD002', 463),
('PC019', 'MD011', 353),
('PC019', 'MD008', 799),
('PC019', 'MD003', 646),
('PC019', 'MD007', 250),
('PC019', 'MD004', 35),
('PC020', 'MD004', 252),
('PC020', 'MD006', 436),
('PC020', 'MD010', 147),
('PC020', 'MD013', 169),
('PC021', 'MD015', 273),
('PC021', 'MD017', 499),
('PC021', 'MD011', 346),
('PC021', 'MD013', 161),
('PC021', 'MD004', 438),
('PC021', 'MD005', 665),
('PC022', 'MD007', 310),
('PC022', 'MD006', 242),
('PC023', 'MD009', 852),
('PC023', 'MD017', 366),
('PC024', 'MD009', 73),
('PC024', 'MD015', 449),
('PC024', 'MD011', 730),
('PC024', 'MD016', 271),
('PC024', 'MD010', 885),
('PC025', 'MD003', 230),
('PC025', 'MD006', 390),
('PC025', 'MD010', 254),
('PC025', 'MD008', 63),
('PC025', 'MD014', 18),
('PC025', 'MD007', 621)


INSERT INTO SalesTransactionHeader VALUES
('SL001', 'EM011', 'CU009', '2010-08-22'),
('SL002', 'EM019', 'CU012', '2017-07-27'),
('SL003', 'EM002', 'CU007', '2006-09-18'),
('SL004', 'EM008', 'CU001', '2007-01-26'),
('SL005', 'EM008', 'CU009', '2011-10-18'),
('SL006', 'EM014', 'CU013', '2006-04-09'),
('SL007', 'EM018', 'CU005', '2013-12-19'),
('SL008', 'EM014', 'CU003', '2000-05-24'),
('SL009', 'EM017', 'CU009', '2014-08-23'),
('SL010', 'EM001', 'CU012', '2000-10-25'),
('SL011', 'EM015', 'CU013', '2016-09-21'),
('SL012', 'EM008', 'CU010', '2001-09-03'),
('SL013', 'EM012', 'CU004', '2013-12-16'),
('SL014', 'EM017', 'CU004', '2014-03-27'),
('SL015', 'EM007', 'CU002', '2016-04-26'),
('SL016', 'EM013', 'CU007', '2008-10-16'),
('SL017', 'EM010', 'CU005', '2003-08-27'),
('SL018', 'EM016', 'CU010', '2016-07-11'),
('SL019', 'EM002', 'CU016', '2019-08-08'),
('SL020', 'EM019', 'CU010', '2008-09-21'),
('SL021', 'EM003', 'CU006', '2018-02-02'),
('SL022', 'EM004', 'CU008', '2018-07-12'),
('SL023', 'EM005', 'CU011', '2005-12-15'),
('SL024', 'EM006', 'CU014', '2020-05-05'),
('SL025', 'EM009', 'CU014', '2021-10-10'),
('SL026', 'EM020', 'CU015', '2021-04-14')

INSERT INTO SalesTransactionDetail VALUES
('SL001', 'MD002', 35),
('SL002', 'MD012', 50),
('SL002', 'MD017', 40),
('SL002', 'MD014', 44),
('SL002', 'MD005', 23),
('SL002', 'MD016', 24),
('SL002', 'MD011', 26),
('SL002', 'MD006', 40),
('SL003', 'MD015', 49),
('SL003', 'MD006', 14),
('SL003', 'MD009', 19),
('SL003', 'MD007', 6),
('SL004', 'MD016', 29),
('SL004', 'MD017', 18),
('SL005', 'MD004', 39),
('SL005', 'MD014', 19),
('SL005', 'MD016', 10),
('SL005', 'MD001', 29),
('SL005', 'MD002', 4),
('SL006', 'MD015', 46),
('SL006', 'MD004', 8),
('SL006', 'MD002', 45),
('SL006', 'MD009', 48),
('SL006', 'MD017', 39),
('SL007', 'MD013', 22),
('SL007', 'MD003', 3),
('SL007', 'MD017', 17),
('SL007', 'MD007', 35),
('SL008', 'MD003', 4),
('SL008', 'MD001', 7),
('SL008', 'MD006', 3),
('SL008', 'MD004', 48),
('SL008', 'MD017', 11),
('SL009', 'MD004', 23),
('SL010', 'MD005', 17),
('SL010', 'MD002', 29),
('SL010', 'MD001', 50),
('SL010', 'MD008', 9),
('SL011', 'MD001', 13),
('SL011', 'MD005', 29),
('SL011', 'MD015', 44),
('SL011', 'MD007', 12),
('SL011', 'MD008', 3),
('SL011', 'MD009', 44),
('SL012', 'MD003', 43),
('SL012', 'MD015', 47),
('SL012', 'MD009', 50),
('SL012', 'MD013', 28),
('SL012', 'MD006', 13),
('SL012', 'MD002', 50),
('SL013', 'MD002', 1),
('SL014', 'MD013', 24),
('SL014', 'MD009', 5),
('SL014', 'MD012', 42),
('SL014', 'MD002', 28),
('SL014', 'MD010', 31),
('SL014', 'MD008', 30),
('SL014', 'MD011', 35),
('SL015', 'MD012', 4),
('SL016', 'MD011', 5),
('SL016', 'MD015', 44),
('SL016', 'MD002', 49),
('SL016', 'MD012', 44),
('SL016', 'MD007', 23),
('SL016', 'MD009', 48),
('SL017', 'MD015', 11),
('SL017', 'MD004', 4),
('SL017', 'MD017', 39),
('SL017', 'MD009', 31),
('SL017', 'MD013', 8),
('SL018', 'MD004', 29),
('SL018', 'MD002', 28),
('SL018', 'MD003', 2),
('SL018', 'MD017', 8),
('SL019', 'MD005', 3),
('SL019', 'MD009', 20),
('SL019', 'MD017', 47),
('SL019', 'MD008', 17),
('SL019', 'MD015', 10),
('SL020', 'MD003', 22),
('SL020', 'MD004', 18),
('SL020', 'MD009', 42),
('SL020', 'MD002', 8),
('SL020', 'MD012', 12),
('SL020', 'MD006', 35),
('SL020', 'MD008', 12),
('SL021', 'MD001', 44),
('SL022', 'MD008', 12),
('SL022', 'MD001', 29),
('SL022', 'MD007', 38),
('SL022', 'MD006', 45),
('SL022', 'MD011', 17),
('SL022', 'MD002', 39),
('SL022', 'MD004', 27),
('SL023', 'MD014', 4),
('SL023', 'MD016', 12),
('SL023', 'MD008', 14),
('SL023', 'MD006', 1),
('SL024', 'MD007', 21),
('SL024', 'MD008', 26),
('SL024', 'MD003', 50),
('SL024', 'MD011', 28),
('SL024', 'MD002', 4),
('SL024', 'MD016', 15),
('SL024', 'MD005', 2),
('SL025', 'MD011', 2),
('SL026', 'MD015', 4),
('SL026', 'MD017', 28)